<?xml version="1.0" encoding="UTF-8"?><idempiere Name="com.trekglobal.gapi.client_1.0.0" Version="1.0.0" idempiereVersion="" DataBaseVersion="" Description="" Author="" AuthorEmail="hengsin@gmail.com" CreatedDate="2021-06-13 07:34:04.697" UpdatedDate="2021-06-13 07:34:04.697" PackOutVersion="100" UpdateDictionary="false" Client="0-SYSTEM-System" AD_Client_UU="11237b53-9592-4af1-b3c5-afd216514b5d">
    <AD_Message type="table">
        <AD_Client_ID>0</AD_Client_ID>
        <AD_Org_ID>0</AD_Org_ID>
        <MsgType>I</MsgType>
        <MsgText>Open with Google Sheets</MsgText>
        <MsgTip/>
        <AD_Org_ID reference="id">0</AD_Org_ID>
        <IsActive>Y</IsActive>
        <Value>Google_Sheets_Open_With</Value>
        <EntityType>U</EntityType>
        <AD_Message_UU>d15c3886-1a91-4487-8136-2bbe762a82c2</AD_Message_UU>
        <AD_Message_Trl type="translation">
            <MsgText>Open with Google Sheets</MsgText>
            <MsgTip/>
            <AD_Language>es_CO</AD_Language>
            <IsActive>Y</IsActive>
            <IsTranslated>N</IsTranslated>
        </AD_Message_Trl>
    </AD_Message>
    <AD_Message type="table">
        <AD_Client_ID>0</AD_Client_ID>
        <AD_Org_ID>0</AD_Org_ID>
        <MsgType>I</MsgType>
        <MsgText>Google Sheet Created. Click here to view in Google Sheets</MsgText>
        <MsgTip/>
        <AD_Org_ID reference="id">0</AD_Org_ID>
        <IsActive>Y</IsActive>
        <Value>Google_Sheet_Created</Value>
        <EntityType>U</EntityType>
        <AD_Message_UU>d6322edc-ead1-4901-b24f-bd43f299d325</AD_Message_UU>
        <AD_Message_Trl type="translation">
            <MsgText>Google Sheet Created. Click here to view in Google Sheets</MsgText>
            <MsgTip/>
            <AD_Language>es_CO</AD_Language>
            <IsActive>Y</IsActive>
            <IsTranslated>N</IsTranslated>
        </AD_Message_Trl>
    </AD_Message>
    <AD_Message type="table">
        <AD_Client_ID>0</AD_Client_ID>
        <AD_Org_ID>0</AD_Org_ID>
        <MsgType>I</MsgType>
        <MsgText>Upload to Google Drive</MsgText>
        <MsgTip/>
        <AD_Org_ID reference="id">0</AD_Org_ID>
        <IsActive>Y</IsActive>
        <Value>Google_Drive_Upload_To</Value>
        <EntityType>U</EntityType>
        <AD_Message_UU>07513a05-748a-4025-aed6-138640f16180</AD_Message_UU>
        <AD_Message_Trl type="translation">
            <MsgText>Upload to Google Drive</MsgText>
            <MsgTip/>
            <AD_Language>es_CO</AD_Language>
            <IsActive>Y</IsActive>
            <IsTranslated>N</IsTranslated>
        </AD_Message_Trl>
    </AD_Message>
    <AD_Message type="table">
        <AD_Client_ID>0</AD_Client_ID>
        <AD_Org_ID>0</AD_Org_ID>
        <MsgType>I</MsgType>
        <MsgText>Uploaded to Google Drive. Click here to view in Google Drive</MsgText>
        <MsgTip/>
        <AD_Org_ID reference="id">0</AD_Org_ID>
        <IsActive>Y</IsActive>
        <Value>Google_Drive_Uploaded</Value>
        <EntityType>U</EntityType>
        <AD_Message_UU>d24af84c-7cbe-4d2b-b7e3-e21599f32e82</AD_Message_UU>
        <AD_Message_Trl type="translation">
            <MsgText>Uploaded to Google Drive. Click here to view in Google Drive</MsgText>
            <MsgTip/>
            <AD_Language>es_CO</AD_Language>
            <IsActive>Y</IsActive>
            <IsTranslated>N</IsTranslated>
        </AD_Message_Trl>
    </AD_Message>
    <AD_Message type="table">
        <AD_Client_ID>0</AD_Client_ID>
        <AD_Org_ID>0</AD_Org_ID>
        <MsgType>I</MsgType>
        <MsgText>Choose Google Account</MsgText>
        <MsgTip/>
        <AD_Org_ID reference="id">0</AD_Org_ID>
        <IsActive>Y</IsActive>
        <Value>Google_Account_Choose</Value>
        <EntityType>U</EntityType>
        <AD_Message_UU>1e8e165b-6eea-4258-9ebf-6a5557618932</AD_Message_UU>
        <AD_Message_Trl type="translation">
            <MsgText>Choose Google Account</MsgText>
            <MsgTip/>
            <AD_Language>es_CO</AD_Language>
            <IsActive>Y</IsActive>
            <IsTranslated>N</IsTranslated>
        </AD_Message_Trl>
    </AD_Message>
</idempiere>
